read_at,total_runs,owner_visible_runs,external_runs,total_users,external_users_30d,pub30_total,pub30_succeeded,pub30_failed,review_count,review_rating,bookmarks
2026-09-03T06:04:27.551Z,28,27,1,2,1,1,0,1,0,0,0
2026-09-03T06:04:28.133Z,28,27,1,2,1,1,0,1,0,0,0
2026-09-03T06:07:51.906Z,28,27,1,2,1,1,0,1,0,0,0
2026-09-03T06:18:38.312Z,28,27,1,2,1,1,0,1,0,0,0
2026-09-03T06:30:03.987Z,28,27,1,2,1,1,0,1,0,0,0
2026-09-03T06:46:43.706Z,28,27,1,2,1,1,0,1,0,0,0
2026-09-03T06:59:37.415Z,28,27,1,2,1,1,0,1,0,0,0
2026-09-03T07:12:36.967Z,28,27,1,2,1,1,0,1,0,0,0
2026-09-03T07:23:54.002Z,29,28,1,2,1,1,0,1,0,0,0
2026-09-03T07:41:32.948Z,30,29,1,2,1,1,0,1,0,0,0
2026-09-03T07:50:17.111Z,30,29,1,2,1,1,0,1,0,0,0
